[{"model": "api_auth.country", "pk": 1, "fields": {"name": "India"}}, {"model": "api_auth.country", "pk": 2, "fields": {"name": "USA"}}, {"model": "api_auth.state", "pk": 1, "fields": {"name": "Andhra Pradesh", "country_id": 1}}, {"model": "api_auth.state", "pk": 2, "fields": {"name": "Arunachal Pradesh", "country_id": 1}}, {"model": "api_auth.state", "pk": 3, "fields": {"name": "Assam", "country_id": 1}}, {"model": "api_auth.state", "pk": 4, "fields": {"name": "Bihar", "country_id": 1}}, {"model": "api_auth.state", "pk": 5, "fields": {"name": "Chhattisgarh", "country_id": 1}}, {"model": "api_auth.state", "pk": 6, "fields": {"name": "Goa", "country_id": 1}}, {"model": "api_auth.state", "pk": 7, "fields": {"name": "Gujarat", "country_id": 1}}, {"model": "api_auth.state", "pk": 8, "fields": {"name": "Haryana", "country_id": 1}}, {"model": "api_auth.state", "pk": 9, "fields": {"name": "Himachal Pradesh", "country_id": 1}}, {"model": "api_auth.state", "pk": 10, "fields": {"name": "Jharkhand", "country_id": 1}}, {"model": "api_auth.state", "pk": 11, "fields": {"name": "Karnataka", "country_id": 1}}, {"model": "api_auth.state", "pk": 12, "fields": {"name": "Kerala", "country_id": 1}}, {"model": "api_auth.state", "pk": 13, "fields": {"name": "Madhya Pradesh", "country_id": 1}}, {"model": "api_auth.state", "pk": 14, "fields": {"name": "Maharashtra", "country_id": 1}}, {"model": "api_auth.state", "pk": 15, "fields": {"name": "Manipur", "country_id": 1}}, {"model": "api_auth.state", "pk": 16, "fields": {"name": "Meghalaya", "country_id": 1}}, {"model": "api_auth.state", "pk": 17, "fields": {"name": "Mizoram", "country_id": 1}}, {"model": "api_auth.state", "pk": 18, "fields": {"name": "Nagaland", "country_id": 1}}, {"model": "api_auth.state", "pk": 19, "fields": {"name": "Odisha", "country_id": 1}}, {"model": "api_auth.state", "pk": 20, "fields": {"name": "Punjab", "country_id": 1}}, {"model": "api_auth.state", "pk": 21, "fields": {"name": "Rajasthan", "country_id": 1}}, {"model": "api_auth.state", "pk": 22, "fields": {"name": "Sikkim", "country_id": 1}}, {"model": "api_auth.state", "pk": 23, "fields": {"name": "Tamil Nadu", "country_id": 1}}, {"model": "api_auth.state", "pk": 24, "fields": {"name": "Telangana", "country_id": 1}}, {"model": "api_auth.state", "pk": 25, "fields": {"name": "Tripura", "country_id": 1}}, {"model": "api_auth.state", "pk": 26, "fields": {"name": "Uttar Pradesh", "country_id": 1}}, {"model": "api_auth.state", "pk": 27, "fields": {"name": "Uttarakhand", "country_id": 1}}, {"model": "api_auth.state", "pk": 28, "fields": {"name": "West Bengal", "country_id": 1}}, {"model": "api_auth.state", "pk": 29, "fields": {"name": "Delhi", "country_id": 1}}, {"model": "api_auth.state", "pk": 30, "fields": {"name": "Jammu & Kashmir", "country_id": 1}}, {"model": "api_auth.state", "pk": 31, "fields": {"name": "Puducherry", "country_id": 1}}, {"model": "api_auth.district", "pk": 1, "fields": {"name": "Warangal(Urban)", "state_id": 24}}, {"model": "api_auth.district", "pk": 2, "fields": {"name": "Hyderabad", "state_id": 24}}, {"model": "api_auth.district", "pk": 3, "fields": {"name": "Vizianagaram", "state_id": 1}}, {"model": "api_auth.district", "pk": 4, "fields": {"name": "Anjaw", "state_id": 2}}, {"model": "api_auth.district", "pk": 5, "fields": {"name": "Changlang", "state_id": 2}}, {"model": "api_auth.district", "pk": 6, "fields": {"name": "Dibang Valley", "state_id": 2}}, {"model": "api_auth.district", "pk": 7, "fields": {"name": "East Kameng", "state_id": 2}}, {"model": "api_auth.district", "pk": 8, "fields": {"name": "East Siang", "state_id": 2}}, {"model": "api_auth.district", "pk": 9, "fields": {"name": "Kurungkumey", "state_id": 2}}, {"model": "api_auth.district", "pk": 10, "fields": {"name": "Lohit", "state_id": 2}}, {"model": "api_auth.district", "pk": 11, "fields": {"name": "Longding", "state_id": 2}}, {"model": "api_auth.district", "pk": 12, "fields": {"name": "Lower Dibang Valley", "state_id": 2}}, {"model": "api_auth.district", "pk": 13, "fields": {"name": "Namsai", "state_id": 2}}, {"model": "api_auth.district", "pk": 14, "fields": {"name": "Papumpare", "state_id": 2}}, {"model": "api_auth.district", "pk": 15, "fields": {"name": "Shi-Yomi", "state_id": 2}}, {"model": "api_auth.district", "pk": 16, "fields": {"name": "Siang", "state_id": 2}}, {"model": "api_auth.district", "pk": 17, "fields": {"name": "Tawang", "state_id": 2}}, {"model": "api_auth.district", "pk": 18, "fields": {"name": "Tirap", "state_id": 2}}, {"model": "api_auth.district", "pk": 19, "fields": {"name": "Upper Siang", "state_id": 2}}, {"model": "api_auth.district", "pk": 20, "fields": {"name": "Upper Subansiri", "state_id": 2}}, {"model": "api_auth.district", "pk": 21, "fields": {"name": "West Kamang", "state_id": 2}}, {"model": "api_auth.district", "pk": 22, "fields": {"name": "West Siang", "state_id": 2}}, {"model": "api_auth.district", "pk": 23, "fields": {"name": "Bajali", "state_id": 3}}, {"model": "api_auth.district", "pk": 24, "fields": {"name": "Baksa", "state_id": 3}}, {"model": "api_auth.district", "pk": 25, "fields": {"name": "Barpeta", "state_id": 3}}, {"model": "api_auth.district", "pk": 26, "fields": {"name": "Bijni", "state_id": 3}}, {"model": "api_auth.district", "pk": 27, "fields": {"name": "Bilasipara", "state_id": 3}}, {"model": "api_auth.district", "pk": 28, "fields": {"name": "Biswanath Chariali", "state_id": 3}}, {"model": "api_auth.district", "pk": 29, "fields": {"name": "Bokajan", "state_id": 3}}, {"model": "api_auth.district", "pk": 30, "fields": {"name": "Bokakhat", "state_id": 3}}, {"model": "api_auth.district", "pk": 31, "fields": {"name": "Bongaigaon", "state_id": 3}}, {"model": "api_auth.district", "pk": 32, "fields": {"name": "Cachar", "state_id": 3}}, {"model": "api_auth.district", "pk": 33, "fields": {"name": "Charaideo  (sonari)", "state_id": 3}}, {"model": "api_auth.district", "pk": 34, "fields": {"name": "Chirang", "state_id": 3}}, {"model": "api_auth.district", "pk": 35, "fields": {"name": "Dhakuakhana", "state_id": 3}}, {"model": "api_auth.district", "pk": 36, "fields": {"name": "Dhansiri", "state_id": 3}}, {"model": "api_auth.district", "pk": 37, "fields": {"name": "Dhemaji", "state_id": 3}}, {"model": "api_auth.district", "pk": 38, "fields": {"name": "Dhubri", "state_id": 3}}, {"model": "api_auth.district", "pk": 39, "fields": {"name": "Dibrugarh", "state_id": 3}}, {"model": "api_auth.district", "pk": 40, "fields": {"name": "Dima Hasao", "state_id": 3}}, {"model": "api_auth.district", "pk": 41, "fields": {"name": "Diphu", "state_id": 3}}, {"model": "api_auth.district", "pk": 42, "fields": {"name": "Goalpara", "state_id": 3}}, {"model": "api_auth.district", "pk": 43, "fields": {"name": "Gohpur", "state_id": 3}}, {"model": "api_auth.district", "pk": 44, "fields": {"name": "Golaghat", "state_id": 3}}, {"model": "api_auth.district", "pk": 45, "fields": {"name": "Gossaigaon", "state_id": 3}}, {"model": "api_auth.district", "pk": 46, "fields": {"name": "Hailakandi", "state_id": 3}}, {"model": "api_auth.district", "pk": 47, "fields": {"name": "Hamren", "state_id": 3}}, {"model": "api_auth.district", "pk": 48, "fields": {"name": "Hojai", "state_id": 3}}, {"model": "api_auth.district", "pk": 49, "fields": {"name": "Jonai", "state_id": 3}}, {"model": "api_auth.district", "pk": 50, "fields": {"name": "Jorhat", "state_id": 3}}, {"model": "api_auth.district", "pk": 51, "fields": {"name": "Kaliabor", "state_id": 3}}, {"model": "api_auth.district", "pk": 52, "fields": {"name": "Kamrup", "state_id": 3}}, {"model": "api_auth.district", "pk": 53, "fields": {"name": "Kamrup Metro", "state_id": 3}}, {"model": "api_auth.district", "pk": 54, "fields": {"name": "Karimganj", "state_id": 3}}, {"model": "api_auth.district", "pk": 55, "fields": {"name": "Kokrajhar", "state_id": 3}}, {"model": "api_auth.district", "pk": 56, "fields": {"name": "Lakhimpur", "state_id": 3}}, {"model": "api_auth.district", "pk": 57, "fields": {"name": "Majuli", "state_id": 3}}, {"model": "api_auth.district", "pk": 58, "fields": {"name": "Mangaldoi (darrang)", "state_id": 3}}, {"model": "api_auth.district", "pk": 59, "fields": {"name": "Margherita", "state_id": 3}}, {"model": "api_auth.district", "pk": 60, "fields": {"name": "Marigaon", "state_id": 3}}, {"model": "api_auth.district", "pk": 61, "fields": {"name": "Nagaon", "state_id": 3}}, {"model": "api_auth.district", "pk": 62, "fields": {"name": "Nalbari", "state_id": 3}}, {"model": "api_auth.district", "pk": 63, "fields": {"name": "Nazira", "state_id": 3}}, {"model": "api_auth.district", "pk": 64, "fields": {"name": "North Salmara", "state_id": 3}}, {"model": "api_auth.district", "pk": 65, "fields": {"name": "Rangiya", "state_id": 3}}, {"model": "api_auth.district", "pk": 66, "fields": {"name": "Sadiya", "state_id": 3}}, {"model": "api_auth.district", "pk": 67, "fields": {"name": "Sivasagar", "state_id": 3}}, {"model": "api_auth.district", "pk": 68, "fields": {"name": "South Salmara", "state_id": 3}}, {"model": "api_auth.district", "pk": 69, "fields": {"name": "Tezpur", "state_id": 3}}, {"model": "api_auth.district", "pk": 70, "fields": {"name": "Tinsukia", "state_id": 3}}, {"model": "api_auth.district", "pk": 71, "fields": {"name": "Titabar", "state_id": 3}}, {"model": "api_auth.district", "pk": 72, "fields": {"name": "Udalgiri", "state_id": 3}}, {"model": "api_auth.district", "pk": 73, "fields": {"name": "Araria", "state_id": 4}}, {"model": "api_auth.district", "pk": 81, "fields": {"name": "Arwal", "state_id": 4}}, {"model": "api_auth.district", "pk": 83, "fields": {"name": "Aurangabad", "state_id": 4}}, {"model": "api_auth.district", "pk": 89, "fields": {"name": "Banka", "state_id": 4}}, {"model": "api_auth.district", "pk": 95, "fields": {"name": "Begusarai", "state_id": 4}}, {"model": "api_auth.district", "pk": 103, "fields": {"name": "Bhagalpur", "state_id": 4}}, {"model": "api_auth.district", "pk": 110, "fields": {"name": "Bhojpur", "state_id": 4}}, {"model": "api_auth.district", "pk": 118, "fields": {"name": "Buxar", "state_id": 4}}, {"model": "api_auth.district", "pk": 120, "fields": {"name": "Buxar", "state_id": 4}}, {"model": "api_auth.district", "pk": 123, "fields": {"name": "Darbhanga", "state_id": 4}}, {"model": "api_auth.district", "pk": 131, "fields": {"name": "East Champaran", "state_id": 4}}, {"model": "api_auth.district", "pk": 132, "fields": {"name": "Gaya", "state_id": 4}}, {"model": "api_auth.district", "pk": 133, "fields": {"name": "Gopalganj", "state_id": 4}}, {"model": "api_auth.district", "pk": 134, "fields": {"name": "Jahanabad", "state_id": 4}}, {"model": "api_auth.district", "pk": 135, "fields": {"name": "Jamui", "state_id": 4}}, {"model": "api_auth.district", "pk": 136, "fields": {"name": "Kaimur", "state_id": 4}}, {"model": "api_auth.district", "pk": 137, "fields": {"name": "Kathihar", "state_id": 4}}, {"model": "api_auth.district", "pk": 138, "fields": {"name": "Khagaria", "state_id": 4}}, {"model": "api_auth.district", "pk": 139, "fields": {"name": "Kishanganj", "state_id": 4}}, {"model": "api_auth.district", "pk": 140, "fields": {"name": "Lakshisarai", "state_id": 4}}, {"model": "api_auth.district", "pk": 141, "fields": {"name": "Madhepura", "state_id": 4}}, {"model": "api_auth.district", "pk": 142, "fields": {"name": "Madhubani", "state_id": 4}}, {"model": "api_auth.district", "pk": 143, "fields": {"name": "Munger", "state_id": 4}}, {"model": "api_auth.district", "pk": 144, "fields": {"name": "Muzaffarpur", "state_id": 4}}, {"model": "api_auth.district", "pk": 145, "fields": {"name": "Nalanda", "state_id": 4}}, {"model": "api_auth.district", "pk": 146, "fields": {"name": "Nawada", "state_id": 4}}, {"model": "api_auth.district", "pk": 147, "fields": {"name": "Patna", "state_id": 4}}, {"model": "api_auth.district", "pk": 148, "fields": {"name": "Purnia", "state_id": 4}}, {"model": "api_auth.district", "pk": 149, "fields": {"name": "Rohtas", "state_id": 4}}, {"model": "api_auth.district", "pk": 150, "fields": {"name": "Saharsa", "state_id": 4}}, {"model": "api_auth.district", "pk": 151, "fields": {"name": "Samastipur", "state_id": 4}}, {"model": "api_auth.district", "pk": 152, "fields": {"name": "Saran", "state_id": 4}}, {"model": "api_auth.district", "pk": 153, "fields": {"name": "Sheikhpura", "state_id": 4}}, {"model": "api_auth.district", "pk": 154, "fields": {"name": "Sheohar", "state_id": 4}}, {"model": "api_auth.district", "pk": 155, "fields": {"name": "Sitamarhi", "state_id": 4}}, {"model": "api_auth.district", "pk": 156, "fields": {"name": "Siwan", "state_id": 4}}, {"model": "api_auth.district", "pk": 157, "fields": {"name": "Supaul", "state_id": 4}}, {"model": "api_auth.district", "pk": 158, "fields": {"name": "Vaishali", "state_id": 4}}, {"model": "api_auth.district", "pk": 159, "fields": {"name": "West Champaran", "state_id": 4}}, {"model": "api_auth.district", "pk": 160, "fields": {"name": "Central", "state_id": 29}}, {"model": "api_auth.district", "pk": 161, "fields": {"name": "East", "state_id": 29}}, {"model": "api_auth.district", "pk": 162, "fields": {"name": "New Delhi", "state_id": 29}}, {"model": "api_auth.district", "pk": 163, "fields": {"name": "North", "state_id": 29}}, {"model": "api_auth.district", "pk": 164, "fields": {"name": "North-East", "state_id": 29}}, {"model": "api_auth.district", "pk": 165, "fields": {"name": "North-West", "state_id": 29}}, {"model": "api_auth.district", "pk": 166, "fields": {"name": "South", "state_id": 29}}, {"model": "api_auth.district", "pk": 167, "fields": {"name": "South-West", "state_id": 29}}, {"model": "api_auth.district", "pk": 168, "fields": {"name": "West", "state_id": 29}}, {"model": "api_auth.district", "pk": 169, "fields": {"name": "Balod", "state_id": 5}}, {"model": "api_auth.district", "pk": 170, "fields": {"name": "Balodabazar", "state_id": 5}}, {"model": "api_auth.district", "pk": 171, "fields": {"name": "Balrampur", "state_id": 5}}, {"model": "api_auth.district", "pk": 172, "fields": {"name": "Bastar (Jagdalpur)", "state_id": 5}}, {"model": "api_auth.district", "pk": 173, "fields": {"name": "Bemetara", "state_id": 5}}, {"model": "api_auth.district", "pk": 174, "fields": {"name": "Bijapur", "state_id": 5}}, {"model": "api_auth.district", "pk": 175, "fields": {"name": "Bilaspur", "state_id": 5}}, {"model": "api_auth.district", "pk": 176, "fields": {"name": "Dakshin Bastar Dantewada", "state_id": 5}}, {"model": "api_auth.district", "pk": 177, "fields": {"name": "Dhamtari", "state_id": 5}}, {"model": "api_auth.district", "pk": 178, "fields": {"name": "Durg", "state_id": 5}}, {"model": "api_auth.district", "pk": 179, "fields": {"name": "Gariaband", "state_id": 5}}, {"model": "api_auth.district", "pk": 180, "fields": {"name": "Janjgir-Champa", "state_id": 5}}, {"model": "api_auth.district", "pk": 181, "fields": {"name": "Jashpur", "state_id": 5}}, {"model": "api_auth.district", "pk": 182, "fields": {"name": "Kabirdham", "state_id": 5}}, {"model": "api_auth.district", "pk": 183, "fields": {"name": "Kondagaon", "state_id": 5}}, {"model": "api_auth.district", "pk": 184, "fields": {"name": "Korba", "state_id": 5}}, {"model": "api_auth.district", "pk": 185, "fields": {"name": "Koria", "state_id": 4}}, {"model": "api_auth.district", "pk": 186, "fields": {"name": "Mahasamund", "state_id": 5}}, {"model": "api_auth.district", "pk": 187, "fields": {"name": "Mungeli", "state_id": 5}}, {"model": "api_auth.district", "pk": 188, "fields": {"name": "Narayanpur", "state_id": 5}}, {"model": "api_auth.district", "pk": 189, "fields": {"name": "Raigarh", "state_id": 5}}, {"model": "api_auth.district", "pk": 190, "fields": {"name": "Raipur", "state_id": 5}}, {"model": "api_auth.district", "pk": 191, "fields": {"name": "Rajnandgaon", "state_id": 5}}, {"model": "api_auth.district", "pk": 192, "fields": {"name": "Sukuma", "state_id": 5}}, {"model": "api_auth.district", "pk": 193, "fields": {"name": "Surajpur", "state_id": 5}}, {"model": "api_auth.district", "pk": 194, "fields": {"name": "Surguja", "state_id": 5}}, {"model": "api_auth.district", "pk": 195, "fields": {"name": "Uttar Bastar Kanker", "state_id": 5}}, {"model": "api_auth.district", "pk": 196, "fields": {"name": "North Goa", "state_id": 6}}, {"model": "api_auth.district", "pk": 197, "fields": {"name": "South Goa", "state_id": 6}}, {"model": "api_auth.district", "pk": 198, "fields": {"name": "Ahmedabad", "state_id": 7}}, {"model": "api_auth.district", "pk": 199, "fields": {"name": "Amreli", "state_id": 7}}, {"model": "api_auth.district", "pk": 200, "fields": {"name": "Anand", "state_id": 7}}, {"model": "api_auth.district", "pk": 201, "fields": {"name": "Arvalli", "state_id": 7}}, {"model": "api_auth.district", "pk": 202, "fields": {"name": "Banaskantha", "state_id": 7}}, {"model": "api_auth.district", "pk": 203, "fields": {"name": "Bharuch", "state_id": 7}}, {"model": "api_auth.district", "pk": 204, "fields": {"name": "Bhavnagar", "state_id": 7}}, {"model": "api_auth.district", "pk": 205, "fields": {"name": "Botad", "state_id": 7}}, {"model": "api_auth.district", "pk": 206, "fields": {"name": "Chhota Udepur", "state_id": 7}}, {"model": "api_auth.district", "pk": 207, "fields": {"name": "Dahod", "state_id": 7}}, {"model": "api_auth.district", "pk": 208, "fields": {"name": "Dangs", "state_id": 7}}, {"model": "api_auth.district", "pk": 209, "fields": {"name": "Devbhumi Dwarka", "state_id": 7}}, {"model": "api_auth.district", "pk": 210, "fields": {"name": "Gandhinagar", "state_id": 7}}, {"model": "api_auth.district", "pk": 211, "fields": {"name": "Gir Somnath", "state_id": 7}}, {"model": "api_auth.district", "pk": 212, "fields": {"name": "Jamnagar", "state_id": 7}}, {"model": "api_auth.district", "pk": 213, "fields": {"name": "Junagadh", "state_id": 7}}, {"model": "api_auth.district", "pk": 214, "fields": {"name": "Kachchh", "state_id": 7}}, {"model": "api_auth.district", "pk": 215, "fields": {"name": "Kheda", "state_id": 7}}, {"model": "api_auth.district", "pk": 216, "fields": {"name": "Mahesana", "state_id": 7}}, {"model": "api_auth.district", "pk": 217, "fields": {"name": "Mahisagar", "state_id": 7}}, {"model": "api_auth.district", "pk": 218, "fields": {"name": "Morbi", "state_id": 7}}, {"model": "api_auth.district", "pk": 219, "fields": {"name": "Narmada", "state_id": 7}}, {"model": "api_auth.district", "pk": 220, "fields": {"name": "Navsari", "state_id": 7}}, {"model": "api_auth.district", "pk": 221, "fields": {"name": "Panchmahal", "state_id": 7}}, {"model": "api_auth.district", "pk": 222, "fields": {"name": "Patan", "state_id": 7}}, {"model": "api_auth.district", "pk": 223, "fields": {"name": "Porbandar", "state_id": 7}}, {"model": "api_auth.district", "pk": 224, "fields": {"name": "Rajkot", "state_id": 7}}, {"model": "api_auth.district", "pk": 225, "fields": {"name": "Sabarkantha", "state_id": 7}}, {"model": "api_auth.district", "pk": 226, "fields": {"name": "Surat", "state_id": 7}}, {"model": "api_auth.district", "pk": 227, "fields": {"name": "Surendranagar", "state_id": 7}}, {"model": "api_auth.district", "pk": 228, "fields": {"name": "Tapi", "state_id": 7}}, {"model": "api_auth.district", "pk": 229, "fields": {"name": "Vadodara", "state_id": 7}}, {"model": "api_auth.district", "pk": 230, "fields": {"name": "Valsad", "state_id": 7}}, {"model": "api_auth.district", "pk": 231, "fields": {"name": "Ambala", "state_id": 8}}, {"model": "api_auth.district", "pk": 232, "fields": {"name": "Bhiwani", "state_id": 8}}, {"model": "api_auth.district", "pk": 233, "fields": {"name": "Charkha Dadri", "state_id": 8}}, {"model": "api_auth.district", "pk": 234, "fields": {"name": "Faridabad", "state_id": 8}}, {"model": "api_auth.district", "pk": 235, "fields": {"name": "Fatehabad", "state_id": 8}}, {"model": "api_auth.district", "pk": 236, "fields": {"name": "Gurgaon", "state_id": 8}}, {"model": "api_auth.district", "pk": 237, "fields": {"name": "Hisar", "state_id": 8}}, {"model": "api_auth.district", "pk": 238, "fields": {"name": "Jhajja", "state_id": 8}}, {"model": "api_auth.district", "pk": 239, "fields": {"name": "Jind", "state_id": 8}}, {"model": "api_auth.district", "pk": 240, "fields": {"name": "Kaithal", "state_id": 8}}, {"model": "api_auth.district", "pk": 241, "fields": {"name": "Karnal", "state_id": 8}}, {"model": "api_auth.district", "pk": 242, "fields": {"name": "Kurukshetra", "state_id": 8}}, {"model": "api_auth.district", "pk": 243, "fields": {"name": "Mahendragarh", "state_id": 8}}, {"model": "api_auth.district", "pk": 244, "fields": {"name": "Mewat", "state_id": 8}}, {"model": "api_auth.district", "pk": 245, "fields": {"name": "Palwal", "state_id": 8}}, {"model": "api_auth.district", "pk": 246, "fields": {"name": "Panchkula", "state_id": 8}}, {"model": "api_auth.district", "pk": 247, "fields": {"name": "Panipat", "state_id": 8}}, {"model": "api_auth.district", "pk": 248, "fields": {"name": "Rewari", "state_id": 8}}, {"model": "api_auth.district", "pk": 249, "fields": {"name": "Rohtak", "state_id": 8}}, {"model": "api_auth.district", "pk": 250, "fields": {"name": "Sirsa", "state_id": 8}}, {"model": "api_auth.district", "pk": 251, "fields": {"name": "Sonipat", "state_id": 8}}, {"model": "api_auth.district", "pk": 252, "fields": {"name": "Yamunanagar", "state_id": 8}}, {"model": "api_auth.district", "pk": 253, "fields": {"name": "Bilaspur", "state_id": 9}}, {"model": "api_auth.district", "pk": 254, "fields": {"name": "Chamba", "state_id": 9}}, {"model": "api_auth.district", "pk": 255, "fields": {"name": "Hamirpur", "state_id": 9}}, {"model": "api_auth.district", "pk": 256, "fields": {"name": "Kangra", "state_id": 9}}, {"model": "api_auth.district", "pk": 257, "fields": {"name": "Kinnaur", "state_id": 9}}, {"model": "api_auth.district", "pk": 258, "fields": {"name": "Kullu", "state_id": 9}}, {"model": "api_auth.district", "pk": 259, "fields": {"name": "Lahaul & Spiti", "state_id": 9}}, {"model": "api_auth.district", "pk": 260, "fields": {"name": "Mandi", "state_id": 9}}, {"model": "api_auth.district", "pk": 261, "fields": {"name": "Shimla", "state_id": 9}}, {"model": "api_auth.district", "pk": 262, "fields": {"name": "Sirmour", "state_id": 9}}, {"model": "api_auth.district", "pk": 263, "fields": {"name": "Solan", "state_id": 9}}, {"model": "api_auth.district", "pk": 264, "fields": {"name": "Una", "state_id": 9}}, {"model": "api_auth.district", "pk": 265, "fields": {"name": "Anantnag", "state_id": 30}}, {"model": "api_auth.district", "pk": 266, "fields": {"name": "Bandipur", "state_id": 30}}, {"model": "api_auth.district", "pk": 267, "fields": {"name": "Baramulla", "state_id": 30}}, {"model": "api_auth.district", "pk": 268, "fields": {"name": "Budgam", "state_id": 30}}, {"model": "api_auth.district", "pk": 269, "fields": {"name": "Doda", "state_id": 30}}, {"model": "api_auth.district", "pk": 270, "fields": {"name": "Ganderbal", "state_id": 30}}, {"model": "api_auth.district", "pk": 271, "fields": {"name": "Jammu", "state_id": 30}}, {"model": "api_auth.district", "pk": 272, "fields": {"name": "Kargil", "state_id": 30}}, {"model": "api_auth.district", "pk": 273, "fields": {"name": "Kathua", "state_id": 30}}, {"model": "api_auth.district", "pk": 274, "fields": {"name": "Kishtwar", "state_id": 30}}, {"model": "api_auth.district", "pk": 275, "fields": {"name": "Kulgam", "state_id": 30}}, {"model": "api_auth.district", "pk": 276, "fields": {"name": "Kupwara", "state_id": 30}}, {"model": "api_auth.district", "pk": 277, "fields": {"name": "Leh", "state_id": 30}}, {"model": "api_auth.district", "pk": 278, "fields": {"name": "Poonch", "state_id": 30}}, {"model": "api_auth.district", "pk": 279, "fields": {"name": "Pulwama", "state_id": 30}}, {"model": "api_auth.district", "pk": 280, "fields": {"name": "Rajauri", "state_id": 30}}, {"model": "api_auth.district", "pk": 281, "fields": {"name": "Ramban", "state_id": 30}}, {"model": "api_auth.district", "pk": 282, "fields": {"name": "Reasi", "state_id": 30}}, {"model": "api_auth.district", "pk": 283, "fields": {"name": "Samba", "state_id": 30}}, {"model": "api_auth.district", "pk": 284, "fields": {"name": "Shopian", "state_id": 30}}, {"model": "api_auth.district", "pk": 285, "fields": {"name": "Srinagar", "state_id": 30}}, {"model": "api_auth.district", "pk": 286, "fields": {"name": "Udhampur", "state_id": 30}}, {"model": "api_auth.district", "pk": 287, "fields": {"name": "Bokaro", "state_id": 10}}, {"model": "api_auth.district", "pk": 288, "fields": {"name": "Chatra", "state_id": 10}}, {"model": "api_auth.district", "pk": 289, "fields": {"name": "Deoghar", "state_id": 10}}, {"model": "api_auth.district", "pk": 290, "fields": {"name": "Dhanbad", "state_id": 10}}, {"model": "api_auth.district", "pk": 291, "fields": {"name": "Dumka", "state_id": 10}}, {"model": "api_auth.district", "pk": 292, "fields": {"name": "East Singhbhum", "state_id": 10}}, {"model": "api_auth.district", "pk": 293, "fields": {"name": "Garhwa", "state_id": 10}}, {"model": "api_auth.district", "pk": 294, "fields": {"name": "Giridih", "state_id": 10}}, {"model": "api_auth.district", "pk": 295, "fields": {"name": "Godda", "state_id": 10}}, {"model": "api_auth.district", "pk": 296, "fields": {"name": "Gumla", "state_id": 10}}, {"model": "api_auth.district", "pk": 297, "fields": {"name": "Hazaribagh", "state_id": 10}}, {"model": "api_auth.district", "pk": 298, "fields": {"name": "Jamtara", "state_id": 10}}, {"model": "api_auth.district", "pk": 299, "fields": {"name": "Khunti", "state_id": 10}}, {"model": "api_auth.district", "pk": 300, "fields": {"name": "Koderma", "state_id": 10}}, {"model": "api_auth.district", "pk": 301, "fields": {"name": "Latehar", "state_id": 10}}, {"model": "api_auth.district", "pk": 302, "fields": {"name": "Lohardaga", "state_id": 10}}, {"model": "api_auth.district", "pk": 303, "fields": {"name": "Pakur", "state_id": 10}}, {"model": "api_auth.district", "pk": 304, "fields": {"name": "Palamu", "state_id": 10}}, {"model": "api_auth.district", "pk": 305, "fields": {"name": "Ramgarh", "state_id": 10}}, {"model": "api_auth.district", "pk": 306, "fields": {"name": "Ranchi", "state_id": 10}}, {"model": "api_auth.district", "pk": 307, "fields": {"name": "Sahebganji", "state_id": 10}}, {"model": "api_auth.district", "pk": 308, "fields": {"name": "SaraikelaKharsawan", "state_id": 10}}, {"model": "api_auth.district", "pk": 309, "fields": {"name": "Simdega", "state_id": 10}}, {"model": "api_auth.district", "pk": 310, "fields": {"name": "West Singhbhum", "state_id": 10}}, {"model": "api_auth.district", "pk": 311, "fields": {"name": "B.B.M.P(Central)", "state_id": 11}}, {"model": "api_auth.district", "pk": 312, "fields": {"name": "B.B.M.P(North)", "state_id": 11}}, {"model": "api_auth.district", "pk": 313, "fields": {"name": "B.B.M.P(South)", "state_id": 11}}, {"model": "api_auth.district", "pk": 314, "fields": {"name": "Bagalkot", "state_id": 11}}, {"model": "api_auth.district", "pk": 315, "fields": {"name": "Bangalore Rural", "state_id": 11}}, {"model": "api_auth.district", "pk": 316, "fields": {"name": "Bangalore Urban", "state_id": 11}}, {"model": "api_auth.district", "pk": 317, "fields": {"name": "Belgaum", "state_id": 11}}, {"model": "api_auth.district", "pk": 318, "fields": {"name": "Bellary", "state_id": 11}}, {"model": "api_auth.district", "pk": 319, "fields": {"name": "Bidar", "state_id": 11}}, {"model": "api_auth.district", "pk": 320, "fields": {"name": "Bijapur", "state_id": 11}}, {"model": "api_auth.district", "pk": 321, "fields": {"name": "Chamarajnagar", "state_id": 11}}, {"model": "api_auth.district", "pk": 322, "fields": {"name": "Chikkaballapur", "state_id": 11}}, {"model": "api_auth.district", "pk": 323, "fields": {"name": "Chikmagalur", "state_id": 11}}, {"model": "api_auth.district", "pk": 324, "fields": {"name": "Chitradurga", "state_id": 11}}, {"model": "api_auth.district", "pk": 325, "fields": {"name": "Dakshina Kannada", "state_id": 11}}, {"model": "api_auth.district", "pk": 326, "fields": {"name": "Davangere", "state_id": 11}}, {"model": "api_auth.district", "pk": 327, "fields": {"name": "Dharwad", "state_id": 11}}, {"model": "api_auth.district", "pk": 328, "fields": {"name": "Gadag", "state_id": 11}}, {"model": "api_auth.district", "pk": 329, "fields": {"name": "Gulabarga", "state_id": 11}}, {"model": "api_auth.district", "pk": 330, "fields": {"name": "Hassan", "state_id": 11}}, {"model": "api_auth.district", "pk": 331, "fields": {"name": "Haveri", "state_id": 11}}, {"model": "api_auth.district", "pk": 332, "fields": {"name": "Kodagu", "state_id": 11}}, {"model": "api_auth.district", "pk": 333, "fields": {"name": "Kolar", "state_id": 11}}, {"model": "api_auth.district", "pk": 334, "fields": {"name": "Koppal", "state_id": 11}}, {"model": "api_auth.district", "pk": 335, "fields": {"name": "Mandya", "state_id": 11}}, {"model": "api_auth.district", "pk": 336, "fields": {"name": "Mysore", "state_id": 11}}, {"model": "api_auth.district", "pk": 337, "fields": {"name": "Raichur", "state_id": 11}}, {"model": "api_auth.district", "pk": 338, "fields": {"name": "Ramanagaram", "state_id": 11}}, {"model": "api_auth.district", "pk": 339, "fields": {"name": "Shimoga", "state_id": 11}}, {"model": "api_auth.district", "pk": 340, "fields": {"name": "Tumkur", "state_id": 11}}, {"model": "api_auth.district", "pk": 341, "fields": {"name": "Udupi", "state_id": 11}}, {"model": "api_auth.district", "pk": 342, "fields": {"name": "Uttara Kannada", "state_id": 11}}, {"model": "api_auth.district", "pk": 343, "fields": {"name": "Yadgir", "state_id": 11}}, {"model": "api_auth.district", "pk": 344, "fields": {"name": "Alappuzha", "state_id": 12}}, {"model": "api_auth.district", "pk": 345, "fields": {"name": "Ernaakulam", "state_id": 12}}, {"model": "api_auth.district", "pk": 346, "fields": {"name": "Idukki", "state_id": 12}}, {"model": "api_auth.district", "pk": 347, "fields": {"name": "Kannur", "state_id": 12}}, {"model": "api_auth.district", "pk": 348, "fields": {"name": "Kasaragod", "state_id": 12}}, {"model": "api_auth.district", "pk": 349, "fields": {"name": "Kollam", "state_id": 12}}, {"model": "api_auth.district", "pk": 350, "fields": {"name": "Kottayam", "state_id": 12}}, {"model": "api_auth.district", "pk": 351, "fields": {"name": "Kozhikode", "state_id": 12}}, {"model": "api_auth.district", "pk": 352, "fields": {"name": "Malappuram", "state_id": 12}}, {"model": "api_auth.district", "pk": 353, "fields": {"name": "Palakkad", "state_id": 12}}, {"model": "api_auth.district", "pk": 354, "fields": {"name": "Pathanamthitta", "state_id": 12}}, {"model": "api_auth.district", "pk": 355, "fields": {"name": "Thiruvananthapur", "state_id": 12}}, {"model": "api_auth.district", "pk": 356, "fields": {"name": "Thrissur", "state_id": 12}}, {"model": "api_auth.district", "pk": 357, "fields": {"name": "Wayanad", "state_id": 12}}, {"model": "api_auth.district", "pk": 358, "fields": {"name": "Agar Malwa", "state_id": 13}}, {"model": "api_auth.district", "pk": 359, "fields": {"name": "Alirajpur", "state_id": 13}}, {"model": "api_auth.district", "pk": 360, "fields": {"name": "Anuppur", "state_id": 13}}, {"model": "api_auth.district", "pk": 361, "fields": {"name": "Ashok Nagar", "state_id": 13}}, {"model": "api_auth.district", "pk": 362, "fields": {"name": "Balaghat", "state_id": 13}}, {"model": "api_auth.district", "pk": 363, "fields": {"name": "Barwani", "state_id": 13}}, {"model": "api_auth.district", "pk": 364, "fields": {"name": "Betful", "state_id": 13}}, {"model": "api_auth.district", "pk": 365, "fields": {"name": "Bhind", "state_id": 13}}, {"model": "api_auth.district", "pk": 366, "fields": {"name": "Bhopal", "state_id": 13}}, {"model": "api_auth.district", "pk": 367, "fields": {"name": "Burhanpur", "state_id": 13}}, {"model": "api_auth.district", "pk": 368, "fields": {"name": "Chhatarpur", "state_id": 13}}, {"model": "api_auth.district", "pk": 369, "fields": {"name": "Chhindwara", "state_id": 13}}, {"model": "api_auth.district", "pk": 370, "fields": {"name": "Damoh", "state_id": 13}}, {"model": "api_auth.district", "pk": 371, "fields": {"name": "Datia", "state_id": 13}}, {"model": "api_auth.district", "pk": 372, "fields": {"name": "Dewas", "state_id": 13}}, {"model": "api_auth.district", "pk": 373, "fields": {"name": "Dhar", "state_id": 13}}, {"model": "api_auth.district", "pk": 374, "fields": {"name": "Dindori", "state_id": 13}}, {"model": "api_auth.district", "pk": 375, "fields": {"name": "Guna", "state_id": 13}}, {"model": "api_auth.district", "pk": 376, "fields": {"name": "Gwalior", "state_id": 13}}, {"model": "api_auth.district", "pk": 377, "fields": {"name": "Harda", "state_id": 13}}, {"model": "api_auth.district", "pk": 378, "fields": {"name": "Hoshangabad", "state_id": 13}}, {"model": "api_auth.district", "pk": 379, "fields": {"name": "Indore", "state_id": 13}}, {"model": "api_auth.district", "pk": 380, "fields": {"name": "Jabalpur", "state_id": 13}}, {"model": "api_auth.district", "pk": 381, "fields": {"name": "Jhabua", "state_id": 13}}, {"model": "api_auth.district", "pk": 382, "fields": {"name": "Katni", "state_id": 13}}, {"model": "api_auth.district", "pk": 383, "fields": {"name": "Khandwa", "state_id": 13}}, {"model": "api_auth.district", "pk": 384, "fields": {"name": "Khargone", "state_id": 13}}, {"model": "api_auth.district", "pk": 385, "fields": {"name": "Mandla", "state_id": 13}}, {"model": "api_auth.district", "pk": 386, "fields": {"name": "Mandsour", "state_id": 13}}, {"model": "api_auth.district", "pk": 387, "fields": {"name": "Morena", "state_id": 13}}, {"model": "api_auth.district", "pk": 388, "fields": {"name": "Narsinghpur", "state_id": 13}}, {"model": "api_auth.district", "pk": 389, "fields": {"name": "Neemuch", "state_id": 13}}, {"model": "api_auth.district", "pk": 390, "fields": {"name": "Panna", "state_id": 13}}, {"model": "api_auth.district", "pk": 391, "fields": {"name": "Raisen", "state_id": 13}}, {"model": "api_auth.district", "pk": 392, "fields": {"name": "Rajgarh", "state_id": 13}}, {"model": "api_auth.district", "pk": 393, "fields": {"name": "Ratlam", "state_id": 13}}, {"model": "api_auth.district", "pk": 394, "fields": {"name": "Rewa", "state_id": 13}}, {"model": "api_auth.district", "pk": 395, "fields": {"name": "Sagar", "state_id": 13}}, {"model": "api_auth.district", "pk": 396, "fields": {"name": "Satna", "state_id": 13}}, {"model": "api_auth.district", "pk": 397, "fields": {"name": "Sehore", "state_id": 13}}, {"model": "api_auth.district", "pk": 398, "fields": {"name": "Seoni", "state_id": 13}}, {"model": "api_auth.district", "pk": 399, "fields": {"name": "Shahadol", "state_id": 13}}, {"model": "api_auth.district", "pk": 400, "fields": {"name": "Shajapur", "state_id": 13}}, {"model": "api_auth.district", "pk": 401, "fields": {"name": "Sheopur", "state_id": 13}}, {"model": "api_auth.district", "pk": 402, "fields": {"name": "Shivpuri", "state_id": 13}}, {"model": "api_auth.district", "pk": 403, "fields": {"name": "Sidhi", "state_id": 13}}, {"model": "api_auth.district", "pk": 404, "fields": {"name": "Singrauli", "state_id": 13}}, {"model": "api_auth.district", "pk": 405, "fields": {"name": "Tikamgarh", "state_id": 13}}, {"model": "api_auth.district", "pk": 406, "fields": {"name": "Ujjain", "state_id": 13}}, {"model": "api_auth.district", "pk": 407, "fields": {"name": "Umariya", "state_id": 13}}, {"model": "api_auth.district", "pk": 408, "fields": {"name": "Vidisha", "state_id": 13}}, {"model": "api_auth.district", "pk": 409, "fields": {"name": "Ahmednagar", "state_id": 14}}, {"model": "api_auth.district", "pk": 410, "fields": {"name": "Akola", "state_id": 14}}, {"model": "api_auth.district", "pk": 411, "fields": {"name": "Amaravati", "state_id": 14}}, {"model": "api_auth.district", "pk": 412, "fields": {"name": "Aurangabad", "state_id": 14}}, {"model": "api_auth.district", "pk": 413, "fields": {"name": "Beed", "state_id": 14}}, {"model": "api_auth.district", "pk": 414, "fields": {"name": "Bhandara", "state_id": 14}}, {"model": "api_auth.district", "pk": 415, "fields": {"name": "Buldhana", "state_id": 14}}, {"model": "api_auth.district", "pk": 416, "fields": {"name": "Chandrapur", "state_id": 14}}, {"model": "api_auth.district", "pk": 417, "fields": {"name": "Dhule", "state_id": 14}}, {"model": "api_auth.district", "pk": 418, "fields": {"name": "Gadchiroli", "state_id": 14}}, {"model": "api_auth.district", "pk": 419, "fields": {"name": "Gondiya", "state_id": 14}}, {"model": "api_auth.district", "pk": 420, "fields": {"name": "Hingoli", "state_id": 14}}, {"model": "api_auth.district", "pk": 421, "fields": {"name": "Jalgaon", "state_id": 14}}, {"model": "api_auth.district", "pk": 422, "fields": {"name": "Jalna", "state_id": 14}}, {"model": "api_auth.district", "pk": 423, "fields": {"name": "Kolhapur", "state_id": 14}}, {"model": "api_auth.district", "pk": 424, "fields": {"name": "Latur", "state_id": 14}}, {"model": "api_auth.district", "pk": 425, "fields": {"name": "Mumbai City", "state_id": 14}}, {"model": "api_auth.district", "pk": 426, "fields": {"name": "Mumbai Suburban", "state_id": 14}}, {"model": "api_auth.district", "pk": 427, "fields": {"name": "Nagpur", "state_id": 14}}, {"model": "api_auth.district", "pk": 428, "fields": {"name": "Nanded", "state_id": 14}}, {"model": "api_auth.district", "pk": 429, "fields": {"name": "Nandurabar", "state_id": 14}}, {"model": "api_auth.district", "pk": 430, "fields": {"name": "Nashik", "state_id": 14}}, {"model": "api_auth.district", "pk": 431, "fields": {"name": "Osmanabad", "state_id": 14}}, {"model": "api_auth.district", "pk": 432, "fields": {"name": "Palghar", "state_id": 14}}, {"model": "api_auth.district", "pk": 433, "fields": {"name": "Parbhani", "state_id": 14}}, {"model": "api_auth.district", "pk": 434, "fields": {"name": "Pune", "state_id": 14}}, {"model": "api_auth.district", "pk": 435, "fields": {"name": "Raigad", "state_id": 14}}, {"model": "api_auth.district", "pk": 436, "fields": {"name": "Ratnagiri", "state_id": 14}}, {"model": "api_auth.district", "pk": 437, "fields": {"name": "Sangali", "state_id": 14}}, {"model": "api_auth.district", "pk": 438, "fields": {"name": "Satara", "state_id": 14}}, {"model": "api_auth.district", "pk": 439, "fields": {"name": "Sindhudurg", "state_id": 14}}, {"model": "api_auth.district", "pk": 440, "fields": {"name": "Solapur", "state_id": 14}}, {"model": "api_auth.district", "pk": 441, "fields": {"name": "Thane", "state_id": 14}}, {"model": "api_auth.district", "pk": 442, "fields": {"name": "Wardha", "state_id": 14}}, {"model": "api_auth.district", "pk": 443, "fields": {"name": "Washim", "state_id": 14}}, {"model": "api_auth.district", "pk": 444, "fields": {"name": "Yavatmal", "state_id": 14}}, {"model": "api_auth.district", "pk": 445, "fields": {"name": "Bishenpur", "state_id": 15}}, {"model": "api_auth.district", "pk": 446, "fields": {"name": "Chandel", "state_id": 15}}, {"model": "api_auth.district", "pk": 447, "fields": {"name": "Churachandpur", "state_id": 15}}, {"model": "api_auth.district", "pk": 448, "fields": {"name": "Imphal East", "state_id": 15}}, {"model": "api_auth.district", "pk": 449, "fields": {"name": "Impal West", "state_id": 15}}, {"model": "api_auth.district", "pk": 450, "fields": {"name": "Senapathi", "state_id": 15}}, {"model": "api_auth.district", "pk": 451, "fields": {"name": "Tamenglong", "state_id": 15}}, {"model": "api_auth.district", "pk": 452, "fields": {"name": "Thoubal", "state_id": 15}}, {"model": "api_auth.district", "pk": 453, "fields": {"name": "Ukhrul", "state_id": 15}}, {"model": "api_auth.district", "pk": 454, "fields": {"name": "East Garo Hills", "state_id": 16}}, {"model": "api_auth.district", "pk": 455, "fields": {"name": "East Jaintia Hills", "state_id": 16}}, {"model": "api_auth.district", "pk": 456, "fields": {"name": "East Khasi Hills", "state_id": 16}}, {"model": "api_auth.district", "pk": 457, "fields": {"name": "North Garo Hills", "state_id": 16}}, {"model": "api_auth.district", "pk": 458, "fields": {"name": "Ri Bhoi", "state_id": 16}}, {"model": "api_auth.district", "pk": 459, "fields": {"name": "South Garo Hills", "state_id": 16}}, {"model": "api_auth.district", "pk": 460, "fields": {"name": "South West Garo Hills", "state_id": 16}}, {"model": "api_auth.district", "pk": 461, "fields": {"name": "South West Khasi Hills", "state_id": 16}}, {"model": "api_auth.district", "pk": 462, "fields": {"name": "West Garo Hills", "state_id": 16}}, {"model": "api_auth.district", "pk": 463, "fields": {"name": "West Jaintia Hills", "state_id": 16}}, {"model": "api_auth.district", "pk": 464, "fields": {"name": "West Khasi Hills", "state_id": 16}}, {"model": "api_auth.district", "pk": 465, "fields": {"name": "Aizawl", "state_id": 17}}, {"model": "api_auth.district", "pk": 466, "fields": {"name": "Champhai", "state_id": 17}}, {"model": "api_auth.district", "pk": 467, "fields": {"name": "Kolasib", "state_id": 17}}, {"model": "api_auth.district", "pk": 468, "fields": {"name": "Lawngtlai", "state_id": 17}}, {"model": "api_auth.district", "pk": 469, "fields": {"name": "Lunglei", "state_id": 17}}, {"model": "api_auth.district", "pk": 470, "fields": {"name": "Mamit", "state_id": 17}}, {"model": "api_auth.district", "pk": 471, "fields": {"name": "Saiha", "state_id": 17}}, {"model": "api_auth.district", "pk": 472, "fields": {"name": "Serchhip", "state_id": 17}}, {"model": "api_auth.district", "pk": 473, "fields": {"name": "Dimapur", "state_id": 18}}, {"model": "api_auth.district", "pk": 474, "fields": {"name": "Kiphire", "state_id": 18}}, {"model": "api_auth.district", "pk": 475, "fields": {"name": "Kohima", "state_id": 18}}, {"model": "api_auth.district", "pk": 476, "fields": {"name": "Longleng", "state_id": 18}}, {"model": "api_auth.district", "pk": 477, "fields": {"name": "Mokokchung", "state_id": 18}}, {"model": "api_auth.district", "pk": 478, "fields": {"name": "Mon", "state_id": 18}}, {"model": "api_auth.district", "pk": 479, "fields": {"name": "Peren", "state_id": 18}}, {"model": "api_auth.district", "pk": 480, "fields": {"name": "Phek", "state_id": 18}}, {"model": "api_auth.district", "pk": 481, "fields": {"name": "Pughoboto", "state_id": 18}}, {"model": "api_auth.district", "pk": 482, "fields": {"name": "Tuensang", "state_id": 18}}, {"model": "api_auth.district", "pk": 483, "fields": {"name": "Wokha", "state_id": 18}}, {"model": "api_auth.district", "pk": 484, "fields": {"name": "Zunheboto", "state_id": 18}}, {"model": "api_auth.district", "pk": 485, "fields": {"name": "Angul", "state_id": 19}}, {"model": "api_auth.district", "pk": 486, "fields": {"name": "Balangir", "state_id": 19}}, {"model": "api_auth.district", "pk": 487, "fields": {"name": "Balasore", "state_id": 19}}, {"model": "api_auth.district", "pk": 488, "fields": {"name": "Bargarh", "state_id": 19}}, {"model": "api_auth.district", "pk": 489, "fields": {"name": "Bhadrak", "state_id": 19}}, {"model": "api_auth.district", "pk": 490, "fields": {"name": "Boudh", "state_id": 19}}, {"model": "api_auth.district", "pk": 491, "fields": {"name": "Cuttack", "state_id": 19}}, {"model": "api_auth.district", "pk": 492, "fields": {"name": "Deogarh", "state_id": 19}}, {"model": "api_auth.district", "pk": 493, "fields": {"name": "Dhenkanal", "state_id": 19}}, {"model": "api_auth.district", "pk": 494, "fields": {"name": "Gajapati", "state_id": 19}}, {"model": "api_auth.district", "pk": 495, "fields": {"name": "Ganjam", "state_id": 19}}, {"model": "api_auth.district", "pk": 496, "fields": {"name": "Jagatsinghpur", "state_id": 19}}, {"model": "api_auth.district", "pk": 497, "fields": {"name": "Jajpur", "state_id": 19}}, {"model": "api_auth.district", "pk": 498, "fields": {"name": "Jharsuguda", "state_id": 19}}, {"model": "api_auth.district", "pk": 499, "fields": {"name": "Kalahandi", "state_id": 19}}, {"model": "api_auth.district", "pk": 500, "fields": {"name": "Kandhamal", "state_id": 19}}, {"model": "api_auth.district", "pk": 501, "fields": {"name": "Kendrapara", "state_id": 19}}, {"model": "api_auth.district", "pk": 502, "fields": {"name": "Keonjhar", "state_id": 19}}, {"model": "api_auth.district", "pk": 503, "fields": {"name": "Khordha", "state_id": 19}}, {"model": "api_auth.district", "pk": 504, "fields": {"name": "Koraput", "state_id": 19}}, {"model": "api_auth.district", "pk": 505, "fields": {"name": "Malkangiri", "state_id": 19}}, {"model": "api_auth.district", "pk": 506, "fields": {"name": "Mayurbhanj", "state_id": 19}}, {"model": "api_auth.district", "pk": 507, "fields": {"name": "Nabarangpur", "state_id": 19}}, {"model": "api_auth.district", "pk": 508, "fields": {"name": "Nayagarh", "state_id": 19}}, {"model": "api_auth.district", "pk": 509, "fields": {"name": "Nuapada", "state_id": 19}}, {"model": "api_auth.district", "pk": 510, "fields": {"name": "Puri", "state_id": 19}}, {"model": "api_auth.district", "pk": 511, "fields": {"name": "Raygada", "state_id": 19}}, {"model": "api_auth.district", "pk": 512, "fields": {"name": "Sambalpur", "state_id": 19}}, {"model": "api_auth.district", "pk": 513, "fields": {"name": "Subarnapur", "state_id": 19}}, {"model": "api_auth.district", "pk": 514, "fields": {"name": "Sundargarh", "state_id": 19}}, {"model": "api_auth.district", "pk": 515, "fields": {"name": "Ariankuppam", "state_id": 31}}, {"model": "api_auth.district", "pk": 516, "fields": {"name": "Bahour", "state_id": 31}}, {"model": "api_auth.district", "pk": 517, "fields": {"name": "Embalam", "state_id": 31}}, {"model": "api_auth.district", "pk": 518, "fields": {"name": "Indira Nagar", "state_id": 31}}, {"model": "api_auth.district", "pk": 519, "fields": {"name": "Kadirgamam", "state_id": 31}}, {"model": "api_auth.district", "pk": 520, "fields": {"name": "Kalapet", "state_id": 31}}, {"model": "api_auth.district", "pk": 521, "fields": {"name": "Kamaraj Nagar", "state_id": 31}}, {"model": "api_auth.district", "pk": 522, "fields": {"name": "Karaikal North", "state_id": 31}}, {"model": "api_auth.district", "pk": 523, "fields": {"name": "Karaikal South", "state_id": 31}}, {"model": "api_auth.district", "pk": 524, "fields": {"name": "Lawspet", "state_id": 31}}, {"model": "api_auth.district", "pk": 525, "fields": {"name": "Mahe", "state_id": 31}}, {"model": "api_auth.district", "pk": 526, "fields": {"name": "Manavely", "state_id": 31}}, {"model": "api_auth.district", "pk": 527, "fields": {"name": "Mangalam", "state_id": 31}}, {"model": "api_auth.district", "pk": 528, "fields": {"name": "Mannadipet", "state_id": 31}}, {"model": "api_auth.district", "pk": 529, "fields": {"name": "Mudaliarpet", "state_id": 31}}, {"model": "api_auth.district", "pk": 530, "fields": {"name": "Muthialpet", "state_id": 31}}, {"model": "api_auth.district", "pk": 531, "fields": {"name": "Nedungadu", "state_id": 31}}, {"model": "api_auth.district", "pk": 532, "fields": {"name": "Nellithope", "state_id": 31}}, {"model": "api_auth.district", "pk": 533, "fields": {"name": "Neravy T. R. Pattinam", "state_id": 31}}, {"model": "api_auth.district", "pk": 534, "fields": {"name": "Nettapakkam", "state_id": 31}}, {"model": "api_auth.district", "pk": 535, "fields": {"name": "Orleampeth", "state_id": 31}}, {"model": "api_auth.district", "pk": 536, "fields": {"name": "Oupalam", "state_id": 31}}, {"model": "api_auth.district", "pk": 537, "fields": {"name": "Oussudu", "state_id": 31}}, {"model": "api_auth.district", "pk": 538, "fields": {"name": "Ozhukarai", "state_id": 31}}, {"model": "api_auth.district", "pk": 539, "fields": {"name": "Raj Bhavan", "state_id": 31}}, {"model": "api_auth.district", "pk": 540, "fields": {"name": "Thattanchavady", "state_id": 31}}, {"model": "api_auth.district", "pk": 541, "fields": {"name": "Thirubhuvanai", "state_id": 31}}, {"model": "api_auth.district", "pk": 542, "fields": {"name": "Thirunallar", "state_id": 31}}, {"model": "api_auth.district", "pk": 543, "fields": {"name": "Villianur", "state_id": 31}}, {"model": "api_auth.district", "pk": 544, "fields": {"name": "Yanam", "state_id": 31}}, {"model": "api_auth.district", "pk": 545, "fields": {"name": "Amritsar", "state_id": 20}}, {"model": "api_auth.district", "pk": 546, "fields": {"name": "Barnala", "state_id": 20}}, {"model": "api_auth.district", "pk": 547, "fields": {"name": "Bathinda", "state_id": 20}}, {"model": "api_auth.district", "pk": 548, "fields": {"name": "Faridkot", "state_id": 20}}, {"model": "api_auth.district", "pk": 549, "fields": {"name": "Fatehgarh Sahib", "state_id": 20}}, {"model": "api_auth.district", "pk": 550, "fields": {"name": "Fazilka", "state_id": 20}}, {"model": "api_auth.district", "pk": 551, "fields": {"name": "Firozepur", "state_id": 20}}, {"model": "api_auth.district", "pk": 552, "fields": {"name": "Gurdaspur", "state_id": 20}}, {"model": "api_auth.district", "pk": 553, "fields": {"name": "Hoshiarpur", "state_id": 20}}, {"model": "api_auth.district", "pk": 554, "fields": {"name": "Jalandhar", "state_id": 20}}, {"model": "api_auth.district", "pk": 555, "fields": {"name": "Kapurthala", "state_id": 20}}, {"model": "api_auth.district", "pk": 556, "fields": {"name": "Ludhiana", "state_id": 20}}, {"model": "api_auth.district", "pk": 557, "fields": {"name": "Mansa", "state_id": 20}}, {"model": "api_auth.district", "pk": 558, "fields": {"name": "Moga", "state_id": 20}}, {"model": "api_auth.district", "pk": 559, "fields": {"name": "Muktsar", "state_id": 20}}, {"model": "api_auth.district", "pk": 560, "fields": {"name": "Nawan Shahr", "state_id": 20}}, {"model": "api_auth.district", "pk": 561, "fields": {"name": "Pathankot", "state_id": 20}}, {"model": "api_auth.district", "pk": 562, "fields": {"name": "Patiala", "state_id": 20}}, {"model": "api_auth.district", "pk": 563, "fields": {"name": "Rupnagar", "state_id": 20}}, {"model": "api_auth.district", "pk": 564, "fields": {"name": "Sangrur", "state_id": 20}}, {"model": "api_auth.district", "pk": 565, "fields": {"name": "Sas Nagar", "state_id": 20}}, {"model": "api_auth.district", "pk": 566, "fields": {"name": "Tarn Taran", "state_id": 20}}, {"model": "api_auth.district", "pk": 567, "fields": {"name": "Ajmer", "state_id": 21}}, {"model": "api_auth.district", "pk": 568, "fields": {"name": "Alwar", "state_id": 21}}, {"model": "api_auth.district", "pk": 569, "fields": {"name": "Banswara", "state_id": 21}}, {"model": "api_auth.district", "pk": 570, "fields": {"name": "Baran", "state_id": 21}}, {"model": "api_auth.district", "pk": 571, "fields": {"name": "Barmer", "state_id": 21}}, {"model": "api_auth.district", "pk": 572, "fields": {"name": "Bharatpur", "state_id": 21}}, {"model": "api_auth.district", "pk": 573, "fields": {"name": "Bhilwara", "state_id": 21}}, {"model": "api_auth.district", "pk": 574, "fields": {"name": "Bikaner", "state_id": 21}}, {"model": "api_auth.district", "pk": 575, "fields": {"name": "Bundi", "state_id": 21}}, {"model": "api_auth.district", "pk": 576, "fields": {"name": "Chittorgargh", "state_id": 21}}, {"model": "api_auth.district", "pk": 577, "fields": {"name": "Churu", "state_id": 21}}, {"model": "api_auth.district", "pk": 578, "fields": {"name": "Dausa", "state_id": 21}}, {"model": "api_auth.district", "pk": 579, "fields": {"name": "Dholpur", "state_id": 21}}, {"model": "api_auth.district", "pk": 580, "fields": {"name": "Dungarpur", "state_id": 21}}, {"model": "api_auth.district", "pk": 581, "fields": {"name": "Ganganagar", "state_id": 21}}, {"model": "api_auth.district", "pk": 582, "fields": {"name": "Hanumangargh", "state_id": 21}}, {"model": "api_auth.district", "pk": 583, "fields": {"name": "Jaipur", "state_id": 21}}, {"model": "api_auth.district", "pk": 584, "fields": {"name": "Jaisalmer", "state_id": 21}}, {"model": "api_auth.district", "pk": 585, "fields": {"name": "Jalore", "state_id": 21}}, {"model": "api_auth.district", "pk": 586, "fields": {"name": "Jhalawar", "state_id": 21}}, {"model": "api_auth.district", "pk": 587, "fields": {"name": "Jhunjhunu", "state_id": 21}}, {"model": "api_auth.district", "pk": 588, "fields": {"name": "Jodhpur", "state_id": 21}}, {"model": "api_auth.district", "pk": 589, "fields": {"name": "Karauli", "state_id": 21}}, {"model": "api_auth.district", "pk": 590, "fields": {"name": "Kota", "state_id": 21}}, {"model": "api_auth.district", "pk": 591, "fields": {"name": "Nagaur", "state_id": 21}}, {"model": "api_auth.district", "pk": 592, "fields": {"name": "Pali", "state_id": 21}}, {"model": "api_auth.district", "pk": 593, "fields": {"name": "Pratapgargh", "state_id": 21}}, {"model": "api_auth.district", "pk": 594, "fields": {"name": "Rajsamand", "state_id": 21}}, {"model": "api_auth.district", "pk": 595, "fields": {"name": "Sawai Madhopur", "state_id": 21}}, {"model": "api_auth.district", "pk": 596, "fields": {"name": "Sikar", "state_id": 21}}, {"model": "api_auth.district", "pk": 597, "fields": {"name": "Sirohi", "state_id": 21}}, {"model": "api_auth.district", "pk": 598, "fields": {"name": "Tonk", "state_id": 21}}, {"model": "api_auth.district", "pk": 599, "fields": {"name": "Udaipur", "state_id": 21}}, {"model": "api_auth.district", "pk": 600, "fields": {"name": "East", "state_id": 22}}, {"model": "api_auth.district", "pk": 601, "fields": {"name": "North", "state_id": 22}}, {"model": "api_auth.district", "pk": 602, "fields": {"name": "Sangha", "state_id": 22}}, {"model": "api_auth.district", "pk": 603, "fields": {"name": "South", "state_id": 22}}, {"model": "api_auth.district", "pk": 604, "fields": {"name": "West", "state_id": 22}}, {"model": "api_auth.district", "pk": 605, "fields": {"name": "Ariyalur", "state_id": 23}}, {"model": "api_auth.district", "pk": 606, "fields": {"name": "Chennai", "state_id": 23}}, {"model": "api_auth.district", "pk": 607, "fields": {"name": "Coimbatore", "state_id": 23}}, {"model": "api_auth.district", "pk": 608, "fields": {"name": "Cuddalore", "state_id": 23}}, {"model": "api_auth.district", "pk": 609, "fields": {"name": "Dharmapuri", "state_id": 23}}, {"model": "api_auth.district", "pk": 610, "fields": {"name": "Dindigul", "state_id": 23}}, {"model": "api_auth.district", "pk": 611, "fields": {"name": "Erode", "state_id": 23}}, {"model": "api_auth.district", "pk": 612, "fields": {"name": "Kancheepurama", "state_id": 23}}, {"model": "api_auth.district", "pk": 613, "fields": {"name": "Kanniyakumari", "state_id": 23}}, {"model": "api_auth.district", "pk": 614, "fields": {"name": "Karur", "state_id": 23}}, {"model": "api_auth.district", "pk": 615, "fields": {"name": "Krishnagiri", "state_id": 23}}, {"model": "api_auth.district", "pk": 616, "fields": {"name": "Madurai", "state_id": 23}}, {"model": "api_auth.district", "pk": 617, "fields": {"name": "Nagapattinam", "state_id": 23}}, {"model": "api_auth.district", "pk": 618, "fields": {"name": "Namakkal", "state_id": 23}}, {"model": "api_auth.district", "pk": 619, "fields": {"name": "Perambalur", "state_id": 23}}, {"model": "api_auth.district", "pk": 620, "fields": {"name": "Pudukkottai", "state_id": 23}}, {"model": "api_auth.district", "pk": 621, "fields": {"name": "Ramanathapuram", "state_id": 23}}, {"model": "api_auth.district", "pk": 622, "fields": {"name": "Salem", "state_id": 23}}, {"model": "api_auth.district", "pk": 623, "fields": {"name": "Sivagangai", "state_id": 23}}, {"model": "api_auth.district", "pk": 624, "fields": {"name": "Thanjavur", "state_id": 23}}, {"model": "api_auth.district", "pk": 625, "fields": {"name": "The Nilgiris", "state_id": 23}}, {"model": "api_auth.district", "pk": 626, "fields": {"name": "Theni", "state_id": 23}}, {"model": "api_auth.district", "pk": 627, "fields": {"name": "Thiruvallur", "state_id": 23}}, {"model": "api_auth.district", "pk": 628, "fields": {"name": "Thiruvannamalai", "state_id": 23}}, {"model": "api_auth.district", "pk": 629, "fields": {"name": "Thiruvarur", "state_id": 23}}, {"model": "api_auth.district", "pk": 630, "fields": {"name": "Thoothukudi", "state_id": 23}}, {"model": "api_auth.district", "pk": 631, "fields": {"name": "Tiruchirappalli", "state_id": 23}}, {"model": "api_auth.district", "pk": 632, "fields": {"name": "Tirunelveli", "state_id": 23}}, {"model": "api_auth.district", "pk": 633, "fields": {"name": "Tiruppur", "state_id": 23}}, {"model": "api_auth.district", "pk": 634, "fields": {"name": "Vellore", "state_id": 23}}, {"model": "api_auth.district", "pk": 635, "fields": {"name": "Villupuram", "state_id": 23}}, {"model": "api_auth.district", "pk": 636, "fields": {"name": "Virudhunagar", "state_id": 23}}, {"model": "api_auth.district", "pk": 637, "fields": {"name": "Dhalai", "state_id": 25}}, {"model": "api_auth.district", "pk": 638, "fields": {"name": "Gomati", "state_id": 25}}, {"model": "api_auth.district", "pk": 639, "fields": {"name": "Khowai", "state_id": 25}}, {"model": "api_auth.district", "pk": 640, "fields": {"name": "North Tripura", "state_id": 25}}, {"model": "api_auth.district", "pk": 641, "fields": {"name": "Sepahijala", "state_id": 25}}, {"model": "api_auth.district", "pk": 642, "fields": {"name": "South Tripura", "state_id": 25}}, {"model": "api_auth.district", "pk": 643, "fields": {"name": "Unakoti", "state_id": 25}}, {"model": "api_auth.district", "pk": 644, "fields": {"name": "West Tripura", "state_id": 25}}, {"model": "api_auth.district", "pk": 645, "fields": {"name": "Almora", "state_id": 27}}, {"model": "api_auth.district", "pk": 646, "fields": {"name": "Bageshwar", "state_id": 27}}, {"model": "api_auth.district", "pk": 647, "fields": {"name": "Chamoli", "state_id": 27}}, {"model": "api_auth.district", "pk": 648, "fields": {"name": "Champawat", "state_id": 27}}, {"model": "api_auth.district", "pk": 649, "fields": {"name": "Dehradun", "state_id": 27}}, {"model": "api_auth.district", "pk": 650, "fields": {"name": "Haridwar", "state_id": 27}}, {"model": "api_auth.district", "pk": 651, "fields": {"name": "Nainital", "state_id": 27}}, {"model": "api_auth.district", "pk": 652, "fields": {"name": "Pauri Garhwal", "state_id": 27}}, {"model": "api_auth.district", "pk": 653, "fields": {"name": "Pithoragarh", "state_id": 27}}, {"model": "api_auth.district", "pk": 654, "fields": {"name": "Rudraprayag", "state_id": 27}}, {"model": "api_auth.district", "pk": 655, "fields": {"name": "Tehri Garhwal", "state_id": 27}}, {"model": "api_auth.district", "pk": 656, "fields": {"name": "Udham Singh Nagar", "state_id": 27}}, {"model": "api_auth.district", "pk": 657, "fields": {"name": "Uttarkashi", "state_id": 27}}, {"model": "api_auth.district", "pk": 658, "fields": {"name": "Agra", "state_id": 26}}, {"model": "api_auth.district", "pk": 659, "fields": {"name": "Aligarh", "state_id": 26}}, {"model": "api_auth.district", "pk": 660, "fields": {"name": "Allahabad", "state_id": 26}}, {"model": "api_auth.district", "pk": 661, "fields": {"name": "Ambedkar Nagar", "state_id": 26}}, {"model": "api_auth.district", "pk": 662, "fields": {"name": "Amethi", "state_id": 26}}, {"model": "api_auth.district", "pk": 663, "fields": {"name": "Amroha", "state_id": 26}}, {"model": "api_auth.district", "pk": 664, "fields": {"name": "Auraiya", "state_id": 26}}, {"model": "api_auth.district", "pk": 665, "fields": {"name": "Azamgarh", "state_id": 26}}, {"model": "api_auth.district", "pk": 666, "fields": {"name": "Badaun", "state_id": 26}}, {"model": "api_auth.district", "pk": 667, "fields": {"name": "Baghpat", "state_id": 26}}, {"model": "api_auth.district", "pk": 668, "fields": {"name": "Bahraich", "state_id": 26}}, {"model": "api_auth.district", "pk": 669, "fields": {"name": "Ballia", "state_id": 26}}, {"model": "api_auth.district", "pk": 670, "fields": {"name": "Balrampur", "state_id": 26}}, {"model": "api_auth.district", "pk": 671, "fields": {"name": "Banda", "state_id": 26}}, {"model": "api_auth.district", "pk": 672, "fields": {"name": "Barabanki", "state_id": 26}}, {"model": "api_auth.district", "pk": 673, "fields": {"name": "Bareilly", "state_id": 26}}, {"model": "api_auth.district", "pk": 674, "fields": {"name": "Basti", "state_id": 26}}, {"model": "api_auth.district", "pk": 675, "fields": {"name": "Bhadohi", "state_id": 26}}, {"model": "api_auth.district", "pk": 676, "fields": {"name": "Bijnor", "state_id": 26}}, {"model": "api_auth.district", "pk": 677, "fields": {"name": "Bulandshahar", "state_id": 26}}, {"model": "api_auth.district", "pk": 678, "fields": {"name": "Chandauli", "state_id": 26}}, {"model": "api_auth.district", "pk": 679, "fields": {"name": "Chitrakoot", "state_id": 26}}, {"model": "api_auth.district", "pk": 680, "fields": {"name": "Deoria", "state_id": 26}}, {"model": "api_auth.district", "pk": 681, "fields": {"name": "Eta", "state_id": 26}}, {"model": "api_auth.district", "pk": 682, "fields": {"name": "Etawah", "state_id": 26}}, {"model": "api_auth.district", "pk": 683, "fields": {"name": "Faizabad", "state_id": 26}}, {"model": "api_auth.district", "pk": 684, "fields": {"name": "Farrukhabad", "state_id": 26}}, {"model": "api_auth.district", "pk": 685, "fields": {"name": "Fatehpur", "state_id": 26}}, {"model": "api_auth.district", "pk": 686, "fields": {"name": "Firozabad", "state_id": 26}}, {"model": "api_auth.district", "pk": 687, "fields": {"name": "Gautam Buddha Nagar", "state_id": 26}}, {"model": "api_auth.district", "pk": 688, "fields": {"name": "Ghaziabad", "state_id": 26}}, {"model": "api_auth.district", "pk": 689, "fields": {"name": "Ghazipur", "state_id": 26}}, {"model": "api_auth.district", "pk": 690, "fields": {"name": "Gonda", "state_id": 26}}, {"model": "api_auth.district", "pk": 691, "fields": {"name": "Gorakhpur", "state_id": 26}}, {"model": "api_auth.district", "pk": 692, "fields": {"name": "Hamirpur", "state_id": 26}}, {"model": "api_auth.district", "pk": 693, "fields": {"name": "Hapur", "state_id": 26}}, {"model": "api_auth.district", "pk": 694, "fields": {"name": "Hardoi", "state_id": 26}}, {"model": "api_auth.district", "pk": 695, "fields": {"name": "Hathras", "state_id": 26}}, {"model": "api_auth.district", "pk": 696, "fields": {"name": "Jalaun", "state_id": 26}}, {"model": "api_auth.district", "pk": 697, "fields": {"name": "Jaunpur", "state_id": 26}}, {"model": "api_auth.district", "pk": 698, "fields": {"name": "Jhansi", "state_id": 26}}, {"model": "api_auth.district", "pk": 699, "fields": {"name": "Kannauj", "state_id": 26}}, {"model": "api_auth.district", "pk": 700, "fields": {"name": "Kanpur Dehat", "state_id": 26}}, {"model": "api_auth.district", "pk": 701, "fields": {"name": "Kanpur Nagar", "state_id": 26}}, {"model": "api_auth.district", "pk": 702, "fields": {"name": "Kasganj", "state_id": 26}}, {"model": "api_auth.district", "pk": 703, "fields": {"name": "Kaushambi", "state_id": 26}}, {"model": "api_auth.district", "pk": 704, "fields": {"name": "Kheri", "state_id": 26}}, {"model": "api_auth.district", "pk": 705, "fields": {"name": "Kushi Nagar", "state_id": 26}}, {"model": "api_auth.district", "pk": 706, "fields": {"name": "Lalitpur", "state_id": 26}}, {"model": "api_auth.district", "pk": 707, "fields": {"name": "Lucknow", "state_id": 26}}, {"model": "api_auth.district", "pk": 708, "fields": {"name": "Maharajganj", "state_id": 26}}, {"model": "api_auth.district", "pk": 709, "fields": {"name": "Mahoba", "state_id": 26}}, {"model": "api_auth.district", "pk": 710, "fields": {"name": "Mainpuri", "state_id": 26}}, {"model": "api_auth.district", "pk": 711, "fields": {"name": "Mathura", "state_id": 26}}, {"model": "api_auth.district", "pk": 712, "fields": {"name": "Mau", "state_id": 26}}, {"model": "api_auth.district", "pk": 713, "fields": {"name": "Meerut", "state_id": 26}}, {"model": "api_auth.district", "pk": 714, "fields": {"name": "Mirzapur", "state_id": 26}}, {"model": "api_auth.district", "pk": 715, "fields": {"name": "Moradabad", "state_id": 26}}, {"model": "api_auth.district", "pk": 716, "fields": {"name": "Muzaffarnagar", "state_id": 26}}, {"model": "api_auth.district", "pk": 717, "fields": {"name": "Pilibhit", "state_id": 26}}, {"model": "api_auth.district", "pk": 718, "fields": {"name": "Pratapgarh", "state_id": 26}}, {"model": "api_auth.district", "pk": 719, "fields": {"name": "Rae Bareli", "state_id": 26}}, {"model": "api_auth.district", "pk": 720, "fields": {"name": "Rampur", "state_id": 26}}, {"model": "api_auth.district", "pk": 721, "fields": {"name": "Saharanpur", "state_id": 26}}, {"model": "api_auth.district", "pk": 722, "fields": {"name": "Sambhal", "state_id": 26}}, {"model": "api_auth.district", "pk": 723, "fields": {"name": "Sant Kabir Nagar", "state_id": 26}}, {"model": "api_auth.district", "pk": 724, "fields": {"name": "Shahjahanpur", "state_id": 26}}, {"model": "api_auth.district", "pk": 725, "fields": {"name": "Shamli", "state_id": 26}}, {"model": "api_auth.district", "pk": 726, "fields": {"name": "Shrawasti", "state_id": 26}}, {"model": "api_auth.district", "pk": 727, "fields": {"name": "Siddharthnagar", "state_id": 26}}, {"model": "api_auth.district", "pk": 728, "fields": {"name": "Sitapur", "state_id": 26}}, {"model": "api_auth.district", "pk": 729, "fields": {"name": "Sonbhadra", "state_id": 26}}, {"model": "api_auth.district", "pk": 730, "fields": {"name": "Sultanpur", "state_id": 26}}, {"model": "api_auth.district", "pk": 731, "fields": {"name": "Unnao", "state_id": 26}}, {"model": "api_auth.district", "pk": 732, "fields": {"name": "Varanasi", "state_id": 26}}, {"model": "api_auth.district", "pk": 733, "fields": {"name": "Alipurduar", "state_id": 28}}, {"model": "api_auth.district", "pk": 734, "fields": {"name": "Bankura", "state_id": 28}}, {"model": "api_auth.district", "pk": 735, "fields": {"name": "Bardhaman", "state_id": 28}}, {"model": "api_auth.district", "pk": 736, "fields": {"name": "Birbhum", "state_id": 28}}, {"model": "api_auth.district", "pk": 737, "fields": {"name": "Coochbehar", "state_id": 28}}, {"model": "api_auth.district", "pk": 738, "fields": {"name": "Dakshin Dinjapur", "state_id": 28}}, {"model": "api_auth.district", "pk": 739, "fields": {"name": "Darjeeling", "state_id": 28}}, {"model": "api_auth.district", "pk": 740, "fields": {"name": "Hooghly", "state_id": 28}}, {"model": "api_auth.district", "pk": 741, "fields": {"name": "Howrah", "state_id": 28}}, {"model": "api_auth.district", "pk": 742, "fields": {"name": "Jalpaiguri", "state_id": 28}}, {"model": "api_auth.district", "pk": 743, "fields": {"name": "Kolkata North", "state_id": 28}}, {"model": "api_auth.district", "pk": 744, "fields": {"name": "Kolkata South", "state_id": 28}}, {"model": "api_auth.district", "pk": 745, "fields": {"name": "Malda", "state_id": 28}}, {"model": "api_auth.district", "pk": 746, "fields": {"name": "Murshidabad", "state_id": 28}}, {"model": "api_auth.district", "pk": 747, "fields": {"name": "Nadia", "state_id": 28}}, {"model": "api_auth.district", "pk": 748, "fields": {"name": "North 24 Parganas", "state_id": 28}}, {"model": "api_auth.district", "pk": 749, "fields": {"name": "Paschim Medinipur", "state_id": 28}}, {"model": "api_auth.district", "pk": 750, "fields": {"name": "Purbo Medinipur", "state_id": 28}}, {"model": "api_auth.district", "pk": 751, "fields": {"name": "Purula", "state_id": 28}}, {"model": "api_auth.district", "pk": 752, "fields": {"name": "South 24 Paraganas", "state_id": 28}}, {"model": "api_auth.district", "pk": 753, "fields": {"name": "Uttar Dinajpur", "state_id": 28}}, {"model": "api_auth.constituency", "pk": 1, "fields": {"name": "Warangal(West)", "district_id": 1}}, {"model": "api_auth.constituency", "pk": 2, "fields": {"name": "Warangal(East)", "district_id": 1}}, {"model": "api_auth.constituency", "pk": 3, "fields": {"name": "Malakpet", "district_id": 2}}, {"model": "api_auth.constituency", "pk": 4, "fields": {"name": "Amberpet", "district_id": 2}}, {"model": "api_auth.constituency", "pk": 5, "fields": {"name": "Musheerabad", "district_id": 2}}, {"model": "api_auth.constituency", "pk": 6, "fields": {"name": "Khairatabad", "district_id": 2}}, {"model": "api_auth.constituency", "pk": 7, "fields": {"name": "Jubileehills", "district_id": 2}}, {"model": "api_auth.constituency", "pk": 8, "fields": {"name": "Sanathnagar", "district_id": 2}}, {"model": "api_auth.constituency", "pk": 9, "fields": {"name": "Nampally", "district_id": 2}}, {"model": "api_auth.constituency", "pk": 10, "fields": {"name": "Karwan", "district_id": 2}}, {"model": "api_auth.constituency", "pk": 11, "fields": {"name": "Goshamahal", "district_id": 2}}, {"model": "api_auth.constituency", "pk": 12, "fields": {"name": "Charminar", "district_id": 2}}, {"model": "api_auth.constituency", "pk": 13, "fields": {"name": "Chandrayangutta", "district_id": 2}}, {"model": "api_auth.constituency", "pk": 14, "fields": {"name": "Yukutpura", "district_id": 2}}, {"model": "api_auth.constituency", "pk": 15, "fields": {"name": "Bahadurpura", "district_id": 2}}, {"model": "api_auth.constituency", "pk": 16, "fields": {"name": "Secunderabad", "district_id": 2}}, {"model": "api_auth.constituency", "pk": 17, "fields": {"name": "Secunderabad(Cantonment)", "district_id": 2}}, {"model": "api_auth.constituency", "pk": 18, "fields": {"name": "Kurupam", "district_id": 3}}, {"model": "api_auth.constituency", "pk": 19, "fields": {"name": "Parvathipuram", "district_id": 3}}, {"model": "api_auth.constituency", "pk": 20, "fields": {"name": "Salur", "district_id": 3}}, {"model": "api_auth.constituency", "pk": 21, "fields": {"name": "Bobbili", "district_id": 3}}, {"model": "api_auth.constituency", "pk": 22, "fields": {"name": "Cheepurupalli", "district_id": 3}}, {"model": "api_auth.constituency", "pk": 23, "fields": {"name": "Gajapathinagaram", "district_id": 3}}, {"model": "api_auth.constituency", "pk": 24, "fields": {"name": "Nellimarla", "district_id": 3}}, {"model": "api_auth.constituency", "pk": 25, "fields": {"name": "Vizianagaram", "district_id": 3}}, {"model": "api_auth.constituency", "pk": 26, "fields": {"name": "Srungavarapukota", "district_id": 3}}, {"model": "api_auth.constituency", "pk": 27, "fields": {"name": "Hayuliang", "district_id": 4}}, {"model": "api_auth.constituency", "pk": 28, "fields": {"name": "Bordumsa-Diyum", "district_id": 5}}, {"model": "api_auth.constituency", "pk": 29, "fields": {"name": "Changalang North", "district_id": 5}}, {"model": "api_auth.constituency", "pk": 30, "fields": {"name": "Changalang South", "district_id": 5}}, {"model": "api_auth.constituency", "pk": 31, "fields": {"name": "Miao", "district_id": 5}}, {"model": "api_auth.constituency", "pk": 32, "fields": {"name": "Nampong", "district_id": 5}}]